'Time','ECG'
'hh:mm:ss.mmm','mV'
'[08:00:00.000]',-0.305
'[08:00:00.008]',-0.265
'[08:00:00.016]',-0.245
'[08:00:00.023]',-0.235
'[08:00:00.031]',-0.235
'[08:00:00.039]',-0.155
'[08:00:00.047]',-0.395
'[08:00:00.055]',-0.805
'[08:00:00.063]',-0.585
'[08:00:00.070]',1.145
'[08:00:00.078]',2.715
'[08:00:00.086]',3.235
'[08:00:00.094]',1.885
'[08:00:00.102]',0.275
'[08:00:00.109]',-0.255
'[08:00:00.117]',-0.415
'[08:00:00.125]',-0.445
'[08:00:00.133]',-0.395
'[08:00:00.141]',-0.395
'[08:00:00.148]',-0.415
'[08:00:00.156]',-0.385
'[08:00:00.164]',-0.335
'[08:00:00.172]',-0.355
'[08:00:00.180]',-0.395
'[08:00:00.188]',-0.355
'[08:00:00.195]',-0.305
'[08:00:00.203]',-0.325
'[08:00:00.211]',-0.385
'[08:00:00.219]',-0.395
'[08:00:00.227]',-0.325
'[08:00:00.234]',-0.315
'[08:00:00.242]',-0.305
'[08:00:00.250]',-0.285
'[08:00:00.258]',-0.265
'[08:00:00.266]',-0.275
'[08:00:00.273]',-0.275
'[08:00:00.281]',-0.255
'[08:00:00.289]',-0.235
'[08:00:00.297]',-0.235
'[08:00:00.305]',-0.195
'[08:00:00.313]',-0.145
'[08:00:00.320]',-0.145
'[08:00:00.328]',-0.155
'[08:00:00.336]',-0.115
'[08:00:00.344]',-0.055
'[08:00:00.352]',-0.035
'[08:00:00.359]',-0.075
'[08:00:00.367]',-0.125
'[08:00:00.375]',-0.105
'[08:00:00.383]',-0.105
'[08:00:00.391]',-0.125
'[08:00:00.398]',-0.095
'[08:00:00.406]',-0.045
'[08:00:00.414]',-0.065
'[08:00:00.422]',-0.085
'[08:00:00.430]',-0.055
'[08:00:00.438]',-0.025
'[08:00:00.445]',-0.015
'[08:00:00.453]',-0.065
'[08:00:00.461]',-0.095
'[08:00:00.469]',-0.075
'[08:00:00.477]',-0.015
'[08:00:00.484]',-0.035
'[08:00:00.492]',-0.055
'[08:00:00.500]',-0.015
'[08:00:00.508]',0.005
'[08:00:00.516]',-0.055
'[08:00:00.523]',-0.105
'[08:00:00.531]',0.015
'[08:00:00.539]',0.085
'[08:00:00.547]',0.095
'[08:00:00.555]',0.245
'[08:00:00.563]',0.305
'[08:00:00.570]',0.245
'[08:00:00.578]',0.185
'[08:00:00.586]',0.135
'[08:00:00.594]',0.055
'[08:00:00.602]',-0.055
'[08:00:00.609]',-0.185
'[08:00:00.617]',-0.265
'[08:00:00.625]',-0.265
'[08:00:00.633]',-0.245
'[08:00:00.641]',-0.225
'[08:00:00.648]',-0.195
'[08:00:00.656]',-0.325
'[08:00:00.664]',-0.785
'[08:00:00.672]',-0.575
'[08:00:00.680]',0.945
'[08:00:00.688]',2.695
'[08:00:00.695]',3.345
'[08:00:00.703]',2.295
'[08:00:00.711]',0.605
'[08:00:00.719]',-0.145
'[08:00:00.727]',-0.465
'[08:00:00.734]',-0.495
'[08:00:00.742]',-0.505
'[08:00:00.750]',-0.465
'[08:00:00.758]',-0.435
'[08:00:00.766]',-0.405
'[08:00:00.773]',-0.405
'[08:00:00.781]',-0.425
'[08:00:00.789]',-0.445
'[08:00:00.797]',-0.445
'[08:00:00.805]',-0.425
'[08:00:00.813]',-0.425
'[08:00:00.820]',-0.405
'[08:00:00.828]',-0.385
'[08:00:00.836]',-0.315
'[08:00:00.844]',-0.275
'[08:00:00.852]',-0.295
'[08:00:00.859]',-0.285
'[08:00:00.867]',-0.255
'[08:00:00.875]',-0.245
'[08:00:00.883]',-0.265
'[08:00:00.891]',-0.285
'[08:00:00.898]',-0.275
'[08:00:00.906]',-0.285
'[08:00:00.914]',-0.265
'[08:00:00.922]',-0.225
'[08:00:00.930]',-0.165
'[08:00:00.938]',-0.095
'[08:00:00.945]',-0.085
'[08:00:00.953]',-0.065
'[08:00:00.961]',-0.075
'[08:00:00.969]',-0.085
'[08:00:00.977]',-0.125
'[08:00:00.984]',-0.155
'[08:00:00.992]',-0.155
'[08:00:01.000]',-0.155
'[08:00:01.008]',-0.155
'[08:00:01.016]',-0.145
'[08:00:01.023]',-0.145
'[08:00:01.031]',-0.125
'[08:00:01.039]',-0.105
'[08:00:01.047]',-0.085
'[08:00:01.055]',-0.095
'[08:00:01.063]',-0.055
'[08:00:01.070]',-0.055
'[08:00:01.078]',-0.065
'[08:00:01.086]',-0.085
'[08:00:01.094]',-0.095
'[08:00:01.102]',-0.095
'[08:00:01.109]',-0.055
'[08:00:01.117]',-0.065
'[08:00:01.125]',-0.095
'[08:00:01.133]',-0.015
'[08:00:01.141]',-0.005
'[08:00:01.148]',-0.005
'[08:00:01.156]',0.125
'[08:00:01.164]',0.245
'[08:00:01.172]',0.235
'[08:00:01.180]',0.155
'[08:00:01.188]',0.095
'[08:00:01.195]',0.025
'[08:00:01.203]',-0.115
'[08:00:01.211]',-0.235
'[08:00:01.219]',-0.205
'[08:00:01.227]',-0.205
'[08:00:01.234]',-0.195
'[08:00:01.242]',-0.235
'[08:00:01.250]',-0.215
'[08:00:01.258]',-0.155
'[08:00:01.266]',-0.685
'[08:00:01.273]',-0.835
'[08:00:01.281]',0.145
'[08:00:01.289]',2.255
'[08:00:01.297]',3.165
'[08:00:01.305]',2.825
'[08:00:01.313]',0.885
'[08:00:01.320]',-0.065
'[08:00:01.328]',-0.375
'[08:00:01.336]',-0.415
'[08:00:01.344]',-0.415
'[08:00:01.352]',-0.405
'[08:00:01.359]',-0.385
'[08:00:01.367]',-0.385
'[08:00:01.375]',-0.385
'[08:00:01.383]',-0.355
'[08:00:01.391]',-0.335
'[08:00:01.398]',-0.335
'[08:00:01.406]',-0.355
'[08:00:01.414]',-0.365
'[08:00:01.422]',-0.355
'[08:00:01.430]',-0.335
'[08:00:01.438]',-0.305
'[08:00:01.445]',-0.325
'[08:00:01.453]',-0.325
'[08:00:01.461]',-0.305
'[08:00:01.469]',-0.275
'[08:00:01.477]',-0.265
'[08:00:01.484]',-0.265
'[08:00:01.492]',-0.255
'[08:00:01.500]',-0.225
'[08:00:01.508]',-0.215
'[08:00:01.516]',-0.215
'[08:00:01.523]',-0.185
'[08:00:01.531]',-0.155
'[08:00:01.539]',-0.095
'[08:00:01.547]',-0.015
'[08:00:01.555]',-0.015
'[08:00:01.563]',-0.075
'[08:00:01.570]',-0.075
'[08:00:01.578]',-0.115
'[08:00:01.586]',-0.125
'[08:00:01.594]',-0.105
'[08:00:01.602]',-0.095
'[08:00:01.609]',-0.055
'[08:00:01.617]',-0.065
'[08:00:01.625]',-0.045
'[08:00:01.633]',-0.075
'[08:00:01.641]',-0.095
'[08:00:01.648]',-0.055
'[08:00:01.656]',-0.015
'[08:00:01.664]',-0.025
'[08:00:01.672]',-0.025
'[08:00:01.680]',-0.015
'[08:00:01.688]',-0.015
'[08:00:01.695]',-0.055
'[08:00:01.703]',-0.055
'[08:00:01.711]',-0.025
'[08:00:01.719]',-0.055
'[08:00:01.727]',-0.115
'[08:00:01.734]',-0.015
'[08:00:01.742]',0.055
'[08:00:01.750]',0.035
'[08:00:01.758]',0.125
'[08:00:01.766]',0.225
'[08:00:01.773]',0.185
'[08:00:01.781]',0.155
'[08:00:01.789]',0.095
'[08:00:01.797]',0.005
'[08:00:01.805]',-0.145
'[08:00:01.813]',-0.195
'[08:00:01.820]',-0.175
'[08:00:01.828]',-0.185
'[08:00:01.836]',-0.225
'[08:00:01.844]',-0.225
'[08:00:01.852]',-0.215
'[08:00:01.859]',-0.135
'[08:00:01.867]',-0.595
'[08:00:01.875]',-0.855
'[08:00:01.883]',0.215
'[08:00:01.891]',2.335
'[08:00:01.898]',3.195
'[08:00:01.906]',2.905
'[08:00:01.914]',1.045
'[08:00:01.922]',0.015
'[08:00:01.930]',-0.315
'[08:00:01.938]',-0.385
'[08:00:01.945]',-0.355
'[08:00:01.953]',-0.355
'[08:00:01.961]',-0.325
'[08:00:01.969]',-0.315
'[08:00:01.977]',-0.345
'[08:00:01.984]',-0.315
'[08:00:01.992]',-0.275
'[08:00:02.000]',-0.295
'[08:00:02.008]',-0.315
'[08:00:02.016]',-0.255
'[08:00:02.023]',-0.285
'[08:00:02.031]',-0.245
'[08:00:02.039]',-0.185
'[08:00:02.047]',-0.255
'[08:00:02.055]',-0.285
'[08:00:02.063]',-0.245
'[08:00:02.070]',-0.225
'[08:00:02.078]',-0.235
'[08:00:02.086]',-0.235
'[08:00:02.094]',-0.235
'[08:00:02.102]',-0.165
'[08:00:02.109]',-0.185
'[08:00:02.117]',-0.215
'[08:00:02.125]',-0.135
'[08:00:02.133]',-0.075
'[08:00:02.141]',-0.025
'[08:00:02.148]',-0.105
'[08:00:02.156]',-0.045
'[08:00:02.164]',-0.035
'[08:00:02.172]',-0.055
'[08:00:02.180]',0.045
'[08:00:02.188]',0.015
'[08:00:02.195]',-0.025
'[08:00:02.203]',-0.065
'[08:00:02.211]',-0.045
'[08:00:02.219]',-0.055
'[08:00:02.227]',-0.025
'[08:00:02.234]',-0.015
'[08:00:02.242]',0.025
'[08:00:02.250]',0.045
'[08:00:02.258]',0.075
'[08:00:02.266]',0.075
'[08:00:02.273]',0.085
'[08:00:02.281]',0.045
'[08:00:02.289]',0.075
'[08:00:02.297]',0.015
'[08:00:02.305]',0.025
'[08:00:02.313]',0.025
'[08:00:02.320]',0.045
'[08:00:02.328]',0.005
'[08:00:02.336]',0.015
'[08:00:02.344]',0.145
'[08:00:02.352]',0.185
'[08:00:02.359]',0.125
'[08:00:02.367]',0.245
'[08:00:02.375]',0.305
'[08:00:02.383]',0.275
'[08:00:02.391]',0.145
'[08:00:02.398]',0.085
'[08:00:02.406]',-0.045
'[08:00:02.414]',-0.155
'[08:00:02.422]',-0.195
'[08:00:02.430]',-0.175
'[08:00:02.438]',-0.185
'[08:00:02.445]',-0.155
'[08:00:02.453]',-0.085
'[08:00:02.461]',-0.135
'[08:00:02.469]',-0.395
'[08:00:02.477]',-0.825
'[08:00:02.484]',-0.485
'[08:00:02.492]',1.325
'[08:00:02.500]',2.905
'[08:00:02.508]',3.365
'[08:00:02.516]',2.785
'[08:00:02.523]',0.925
'[08:00:02.531]',0.015
'[08:00:02.539]',-0.305
'[08:00:02.547]',-0.325
'[08:00:02.555]',-0.295
'[08:00:02.563]',-0.305
'[08:00:02.570]',-0.345
'[08:00:02.578]',-0.365
'[08:00:02.586]',-0.395
'[08:00:02.594]',-0.345
'[08:00:02.602]',-0.255
'[08:00:02.609]',-0.255
'[08:00:02.617]',-0.335
'[08:00:02.625]',-0.305
'[08:00:02.633]',-0.265
'[08:00:02.641]',-0.275
'[08:00:02.648]',-0.305
'[08:00:02.656]',-0.285
'[08:00:02.664]',-0.285
'[08:00:02.672]',-0.285
'[08:00:02.680]',-0.245
'[08:00:02.688]',-0.215
'[08:00:02.695]',-0.185
'[08:00:02.703]',-0.165
'[08:00:02.711]',-0.175
'[08:00:02.719]',-0.265
'[08:00:02.727]',-0.295
'[08:00:02.734]',-0.235
'[08:00:02.742]',-0.195
'[08:00:02.750]',-0.115
'[08:00:02.758]',-0.035
'[08:00:02.766]',0.005
'[08:00:02.773]',-0.025
'[08:00:02.781]',-0.085
'[08:00:02.789]',-0.105
'[08:00:02.797]',-0.135
'[08:00:02.805]',-0.095
'[08:00:02.813]',-0.035
'[08:00:02.820]',-0.055
'[08:00:02.828]',-0.095
'[08:00:02.836]',-0.065
'[08:00:02.844]',-0.015
'[08:00:02.852]',0.005
'[08:00:02.859]',0.005
'[08:00:02.867]',0.015
'[08:00:02.875]',-0.015
'[08:00:02.883]',-0.005
'[08:00:02.891]',-0.015
'[08:00:02.898]',0.035
'[08:00:02.906]',0.065
'[08:00:02.914]',0.035
'[08:00:02.922]',-0.055
'[08:00:02.930]',-0.025
'[08:00:02.938]',0.015
'[08:00:02.945]',0.025
'[08:00:02.953]',0.135
'[08:00:02.961]',0.175
'[08:00:02.969]',0.205
'[08:00:02.977]',0.295
'[08:00:02.984]',0.355
'[08:00:02.992]',0.295
'[08:00:03.000]',0.245
'[08:00:03.008]',0.225
'[08:00:03.016]',0.145
'[08:00:03.023]',-0.115
'[08:00:03.031]',-0.175
'[08:00:03.039]',-0.155
'[08:00:03.047]',-0.125
'[08:00:03.055]',-0.105
'[08:00:03.063]',-0.085
'[08:00:03.070]',-0.025
'[08:00:03.078]',-0.335
'[08:00:03.086]',-0.805
'[08:00:03.094]',-0.335
'[08:00:03.102]',1.535
'[08:00:03.109]',2.855
'[08:00:03.117]',3.235
'[08:00:03.125]',1.895
'[08:00:03.133]',0.485
'[08:00:03.141]',-0.085
'[08:00:03.148]',-0.235
'[08:00:03.156]',-0.335
'[08:00:03.164]',-0.335
'[08:00:03.172]',-0.265
'[08:00:03.180]',-0.225
'[08:00:03.188]',-0.225
'[08:00:03.195]',-0.245
'[08:00:03.203]',-0.255
'[08:00:03.211]',-0.255
'[08:00:03.219]',-0.285
'[08:00:03.227]',-0.245
'[08:00:03.234]',-0.255
'[08:00:03.242]',-0.265
'[08:00:03.250]',-0.275
'[08:00:03.258]',-0.255
'[08:00:03.266]',-0.245
'[08:00:03.273]',-0.275
'[08:00:03.281]',-0.275
'[08:00:03.289]',-0.275
'[08:00:03.297]',-0.275
'[08:00:03.305]',-0.275
'[08:00:03.313]',-0.255
'[08:00:03.320]',-0.285
'[08:00:03.328]',-0.305
'[08:00:03.336]',-0.325
'[08:00:03.344]',-0.295
'[08:00:03.352]',-0.215
'[08:00:03.359]',-0.135
'[08:00:03.367]',-0.135
'[08:00:03.375]',-0.165
'[08:00:03.383]',-0.145
'[08:00:03.391]',-0.165
'[08:00:03.398]',-0.185
'[08:00:03.406]',-0.185
'[08:00:03.414]',-0.155
'[08:00:03.422]',-0.115
'[08:00:03.430]',-0.145
'[08:00:03.438]',-0.155
'[08:00:03.445]',-0.135
'[08:00:03.453]',-0.125
'[08:00:03.461]',-0.095
'[08:00:03.469]',-0.045
'[08:00:03.477]',-0.015
'[08:00:03.484]',-0.015
'[08:00:03.492]',0.005
'[08:00:03.500]',0.025
'[08:00:03.508]',0.045
'[08:00:03.516]',0.065
'[08:00:03.523]',0.045
'[08:00:03.531]',0.025
'[08:00:03.539]',0.015
'[08:00:03.547]',0.005
'[08:00:03.555]',-0.095
'[08:00:03.563]',-0.045
'[08:00:03.570]',0.095
'[08:00:03.578]',0.125
'[08:00:03.586]',0.155
'[08:00:03.594]',0.295
'[08:00:03.602]',0.305
'[08:00:03.609]',0.275
'[08:00:03.617]',0.235
'[08:00:03.625]',0.155
'[08:00:03.633]',0.025
'[08:00:03.641]',-0.115
'[08:00:03.648]',-0.175
'[08:00:03.656]',-0.185
'[08:00:03.664]',-0.155
'[08:00:03.672]',-0.115
'[08:00:03.680]',-0.155
'[08:00:03.688]',-0.135
'[08:00:03.695]',-0.435
'[08:00:03.703]',-0.855
'[08:00:03.711]',-0.425
'[08:00:03.719]',1.225
'[08:00:03.727]',2.825
'[08:00:03.734]',3.375
'[08:00:03.742]',2.435
'[08:00:03.750]',0.715
'[08:00:03.758]',-0.075
'[08:00:03.766]',-0.335
'[08:00:03.773]',-0.405
'[08:00:03.781]',-0.425
'[08:00:03.789]',-0.405
'[08:00:03.797]',-0.385
'[08:00:03.805]',-0.355
'[08:00:03.813]',-0.325
'[08:00:03.820]',-0.355
'[08:00:03.828]',-0.395
'[08:00:03.836]',-0.395
'[08:00:03.844]',-0.405
'[08:00:03.852]',-0.355
'[08:00:03.859]',-0.345
'[08:00:03.867]',-0.355
'[08:00:03.875]',-0.335
'[08:00:03.883]',-0.325
'[08:00:03.891]',-0.285
'[08:00:03.898]',-0.275
'[08:00:03.906]',-0.295
'[08:00:03.914]',-0.295
'[08:00:03.922]',-0.305
'[08:00:03.930]',-0.295
'[08:00:03.938]',-0.275
'[08:00:03.945]',-0.265
'[08:00:03.953]',-0.235
'[08:00:03.961]',-0.225
'[08:00:03.969]',-0.165
'[08:00:03.977]',-0.105
'[08:00:03.984]',-0.075
'[08:00:03.992]',-0.065
'[08:00:04.000]',-0.075
'[08:00:04.008]',-0.075
'[08:00:04.016]',-0.095
'[08:00:04.023]',-0.105
'[08:00:04.031]',-0.125
'[08:00:04.039]',-0.115
'[08:00:04.047]',-0.085
'[08:00:04.055]',-0.055
'[08:00:04.063]',-0.075
'[08:00:04.070]',-0.095
'[08:00:04.078]',-0.085
'[08:00:04.086]',-0.065
'[08:00:04.094]',-0.065
'[08:00:04.102]',-0.055
'[08:00:04.109]',-0.035
'[08:00:04.117]',-0.015
'[08:00:04.125]',-0.015
'[08:00:04.133]',-0.015
'[08:00:04.141]',-0.065
'[08:00:04.148]',-0.075
'[08:00:04.156]',-0.095
'[08:00:04.164]',-0.095
'[08:00:04.172]',-0.115
'[08:00:04.180]',-0.105
'[08:00:04.188]',-0.115
'[08:00:04.195]',-0.125
'[08:00:04.203]',-0.085
'[08:00:04.211]',-0.015
'[08:00:04.219]',0.025
'[08:00:04.227]',0.005
'[08:00:04.234]',0.145
'[08:00:04.242]',0.165
'[08:00:04.250]',0.155
'[08:00:04.258]',0.085
'[08:00:04.266]',-0.025
'[08:00:04.273]',-0.115
'[08:00:04.281]',-0.265
'[08:00:04.289]',-0.315
'[08:00:04.297]',-0.285
'[08:00:04.305]',-0.245
'[08:00:04.313]',-0.195
'[08:00:04.320]',-0.245
'[08:00:04.328]',-0.225
'[08:00:04.336]',-0.655
'[08:00:04.344]',-0.855
'[08:00:04.352]',0.055
'[08:00:04.359]',2.065
'[08:00:04.367]',3.115
'[08:00:04.375]',2.545
'[08:00:04.383]',0.905
'[08:00:04.391]',-0.045
'[08:00:04.398]',-0.375
'[08:00:04.406]',-0.445
'[08:00:04.414]',-0.435
'[08:00:04.422]',-0.425
'[08:00:04.430]',-0.405
'[08:00:04.438]',-0.405
'[08:00:04.445]',-0.375
'[08:00:04.453]',-0.375
'[08:00:04.461]',-0.355
'[08:00:04.469]',-0.385
'[08:00:04.477]',-0.365
'[08:00:04.484]',-0.345
'[08:00:04.492]',-0.355
'[08:00:04.500]',-0.355
'[08:00:04.508]',-0.325
'[08:00:04.516]',-0.305
'[08:00:04.523]',-0.275
'[08:00:04.531]',-0.295
'[08:00:04.539]',-0.295
'[08:00:04.547]',-0.275
'[08:00:04.555]',-0.265
'[08:00:04.563]',-0.245
'[08:00:04.570]',-0.245
'[08:00:04.578]',-0.225
'[08:00:04.586]',-0.225
'[08:00:04.594]',-0.205
'[08:00:04.602]',-0.155
'[08:00:04.609]',-0.135
'[08:00:04.617]',-0.075
'[08:00:04.625]',-0.035
'[08:00:04.633]',-0.005
'[08:00:04.641]',-0.025
'[08:00:04.648]',-0.045
'[08:00:04.656]',-0.085
'[08:00:04.664]',-0.095
'[08:00:04.672]',-0.125
'[08:00:04.680]',-0.135
'[08:00:04.688]',-0.105
'[08:00:04.695]',-0.085
'[08:00:04.703]',-0.065
'[08:00:04.711]',-0.055
'[08:00:04.719]',-0.055
'[08:00:04.727]',-0.025
'[08:00:04.734]',-0.055
'[08:00:04.742]',-0.065
'[08:00:04.750]',-0.045
'[08:00:04.758]',-0.035
'[08:00:04.766]',-0.035
'[08:00:04.773]',-0.045
'[08:00:04.781]',-0.065
'[08:00:04.789]',-0.055
'[08:00:04.797]',-0.075
'[08:00:04.805]',-0.095
'[08:00:04.813]',-0.125
'[08:00:04.820]',-0.115
'[08:00:04.828]',-0.135
'[08:00:04.836]',-0.135
'[08:00:04.844]',-0.125
'[08:00:04.852]',-0.095
'[08:00:04.859]',-0.015
'[08:00:04.867]',0.065
'[08:00:04.875]',0.085
'[08:00:04.883]',0.145
'[08:00:04.891]',0.175
'[08:00:04.898]',0.175
'[08:00:04.906]',0.075
'[08:00:04.914]',0.025
'[08:00:04.922]',-0.015
'[08:00:04.930]',-0.155
'[08:00:04.938]',-0.235
'[08:00:04.945]',-0.215
'[08:00:04.953]',-0.155
'[08:00:04.961]',-0.165
'[08:00:04.969]',-0.165
'[08:00:04.977]',-0.115
'[08:00:04.984]',-0.455
'[08:00:04.992]',-0.695
'[08:00:05.000]',-0.145
'[08:00:05.008]',1.605
'[08:00:05.016]',2.905
'[08:00:05.023]',3.045
'[08:00:05.031]',1.405
'[08:00:05.039]',0.265
'[08:00:05.047]',-0.175
'[08:00:05.055]',-0.315
'[08:00:05.063]',-0.385
'[08:00:05.070]',-0.335
'[08:00:05.078]',-0.335
'[08:00:05.086]',-0.345
'[08:00:05.094]',-0.335
'[08:00:05.102]',-0.295
'[08:00:05.109]',-0.295
'[08:00:05.117]',-0.285
'[08:00:05.125]',-0.285
'[08:00:05.133]',-0.305
'[08:00:05.141]',-0.285
'[08:00:05.148]',-0.265
'[08:00:05.156]',-0.275
'[08:00:05.164]',-0.255
'[08:00:05.172]',-0.265
'[08:00:05.180]',-0.235
'[08:00:05.188]',-0.235
'[08:00:05.195]',-0.215
'[08:00:05.203]',-0.205
'[08:00:05.211]',-0.205
'[08:00:05.219]',-0.205
'[08:00:05.227]',-0.175
'[08:00:05.234]',-0.165
'[08:00:05.242]',-0.205
'[08:00:05.250]',-0.165
'[08:00:05.258]',-0.085
'[08:00:05.266]',-0.015
'[08:00:05.273]',0.005
'[08:00:05.281]',-0.005
'[08:00:05.289]',-0.005
'[08:00:05.297]',-0.015
'[08:00:05.305]',-0.045
'[08:00:05.313]',-0.095
'[08:00:05.320]',-0.105
'[08:00:05.328]',-0.075
'[08:00:05.336]',-0.065
'[08:00:05.344]',-0.065
'[08:00:05.352]',-0.045
'[08:00:05.359]',-0.025
'[08:00:05.367]',-0.045
'[08:00:05.375]',-0.025
'[08:00:05.383]',-0.015
'[08:00:05.391]',0.005
'[08:00:05.398]',-0.025
'[08:00:05.406]',-0.035
'[08:00:05.414]',-0.045
'[08:00:05.422]',-0.055
'[08:00:05.430]',-0.055
'[08:00:05.438]',-0.095
'[08:00:05.445]',-0.075
'[08:00:05.453]',-0.055
'[08:00:05.461]',-0.075
'[08:00:05.469]',-0.105
'[08:00:05.477]',-0.105
'[08:00:05.484]',-0.125
'[08:00:05.492]',-0.135
'[08:00:05.500]',-0.105
'[08:00:05.508]',-0.035
'[08:00:05.516]',0.035
'[08:00:05.523]',0.035
'[08:00:05.531]',0.105
'[08:00:05.539]',0.135
'[08:00:05.547]',0.155
'[08:00:05.555]',0.015
'[08:00:05.563]',0.005
'[08:00:05.570]',-0.055
'[08:00:05.578]',-0.165
'[08:00:05.586]',-0.225
'[08:00:05.594]',-0.205
'[08:00:05.602]',-0.185
'[08:00:05.609]',-0.165
'[08:00:05.617]',-0.175
'[08:00:05.625]',-0.115
'[08:00:05.633]',-0.555
'[08:00:05.641]',-0.645
'[08:00:05.648]',0.225
'[08:00:05.656]',2.165
'[08:00:05.664]',3.165
'[08:00:05.672]',2.835
'[08:00:05.680]',0.875
'[08:00:05.688]',0.005
'[08:00:05.695]',-0.285
'[08:00:05.703]',-0.335
'[08:00:05.711]',-0.345
'[08:00:05.719]',-0.375
'[08:00:05.727]',-0.355
'[08:00:05.734]',-0.325
'[08:00:05.742]',-0.305
'[08:00:05.750]',-0.265
'[08:00:05.758]',-0.245
'[08:00:05.766]',-0.255
'[08:00:05.773]',-0.305
'[08:00:05.781]',-0.335
'[08:00:05.789]',-0.315
'[08:00:05.797]',-0.285
'[08:00:05.805]',-0.245
'[08:00:05.813]',-0.215
'[08:00:05.820]',-0.215
'[08:00:05.828]',-0.205
'[08:00:05.836]',-0.215
'[08:00:05.844]',-0.185
'[08:00:05.852]',-0.195
'[08:00:05.859]',-0.165
'[08:00:05.867]',-0.155
'[08:00:05.875]',-0.135
'[08:00:05.883]',-0.105
'[08:00:05.891]',-0.095
'[08:00:05.898]',-0.065
'[08:00:05.906]',-0.035
'[08:00:05.914]',-0.025
'[08:00:05.922]',-0.015
'[08:00:05.930]',-0.005
'[08:00:05.938]',-0.005
'[08:00:05.945]',-0.005
'[08:00:05.953]',-0.025
'[08:00:05.961]',-0.035
'[08:00:05.969]',-0.055
'[08:00:05.977]',-0.005
'[08:00:05.984]',0.015
'[08:00:05.992]',-0.015
'[08:00:06.000]',-0.045
'[08:00:06.008]',-0.085
'[08:00:06.016]',-0.025
'[08:00:06.023]',0.025
'[08:00:06.031]',0.055
'[08:00:06.039]',0.045
'[08:00:06.047]',0.015
'[08:00:06.055]',0.025
'[08:00:06.063]',0.055
'[08:00:06.070]',0.045
'[08:00:06.078]',0.035
'[08:00:06.086]',0.025
'[08:00:06.094]',-0.015
'[08:00:06.102]',-0.005
'[08:00:06.109]',-0.015
'[08:00:06.117]',-0.045
'[08:00:06.125]',-0.055
'[08:00:06.133]',-0.065
'[08:00:06.141]',0.055
'[08:00:06.148]',0.065
'[08:00:06.156]',0.085
'[08:00:06.164]',0.215
'[08:00:06.172]',0.245
'[08:00:06.180]',0.235
'[08:00:06.188]',0.185
'[08:00:06.195]',0.135
'[08:00:06.203]',-0.005
'[08:00:06.211]',-0.125
'[08:00:06.219]',-0.205
'[08:00:06.227]',-0.205
'[08:00:06.234]',-0.245
'[08:00:06.242]',-0.235
'[08:00:06.250]',-0.235
'[08:00:06.258]',-0.145
'[08:00:06.266]',-0.445
'[08:00:06.273]',-0.845
'[08:00:06.281]',-0.265
'[08:00:06.289]',1.625
'[08:00:06.297]',2.975
'[08:00:06.305]',3.455
'[08:00:06.313]',1.855
'[08:00:06.320]',0.285
'[08:00:06.328]',-0.305
'[08:00:06.336]',-0.515
'[08:00:06.344]',-0.515
'[08:00:06.352]',-0.425
'[08:00:06.359]',-0.355
'[08:00:06.367]',-0.345
'[08:00:06.375]',-0.305
'[08:00:06.383]',-0.375
'[08:00:06.391]',-0.375
'[08:00:06.398]',-0.385
'[08:00:06.406]',-0.375
'[08:00:06.414]',-0.365
'[08:00:06.422]',-0.365
'[08:00:06.430]',-0.375
'[08:00:06.438]',-0.355
'[08:00:06.445]',-0.365
'[08:00:06.453]',-0.335
'[08:00:06.461]',-0.325
'[08:00:06.469]',-0.315
'[08:00:06.477]',-0.345
'[08:00:06.484]',-0.335
'[08:00:06.492]',-0.265
'[08:00:06.500]',-0.175
'[08:00:06.508]',-0.125
'[08:00:06.516]',-0.115
'[08:00:06.523]',-0.085
'[08:00:06.531]',-0.135
'[08:00:06.539]',-0.135
'[08:00:06.547]',-0.125
'[08:00:06.555]',-0.115
'[08:00:06.563]',-0.145
'[08:00:06.570]',-0.165
'[08:00:06.578]',-0.175
'[08:00:06.586]',-0.185
'[08:00:06.594]',-0.105
'[08:00:06.602]',-0.135
'[08:00:06.609]',-0.175
'[08:00:06.617]',-0.145
'[08:00:06.625]',-0.125
'[08:00:06.633]',-0.105
'[08:00:06.641]',-0.075
'[08:00:06.648]',-0.065
'[08:00:06.656]',-0.145
'[08:00:06.664]',-0.145
'[08:00:06.672]',-0.135
'[08:00:06.680]',-0.125
'[08:00:06.688]',-0.125
'[08:00:06.695]',-0.105
'[08:00:06.703]',-0.065
'[08:00:06.711]',-0.135
'[08:00:06.719]',-0.175
'[08:00:06.727]',-0.155
'[08:00:06.734]',-0.145
'[08:00:06.742]',-0.145
'[08:00:06.750]',-0.115
'[08:00:06.758]',-0.035
'[08:00:06.766]',0.045
'[08:00:06.773]',0.005
'[08:00:06.781]',0.095
'[08:00:06.789]',0.245
'[08:00:06.797]',0.265
'[08:00:06.805]',0.245
'[08:00:06.813]',0.215
'[08:00:06.820]',0.135
'[08:00:06.828]',0.025
'[08:00:06.836]',-0.085
'[08:00:06.844]',-0.195
'[08:00:06.852]',-0.205
'[08:00:06.859]',-0.175
'[08:00:06.867]',-0.135
'[08:00:06.875]',-0.135
'[08:00:06.883]',-0.075
'[08:00:06.891]',-0.565
'[08:00:06.898]',-0.775
'[08:00:06.906]',0.265
'[08:00:06.914]',2.325
'[08:00:06.922]',3.215
'[08:00:06.930]',3.055
'[08:00:06.938]',1.125
'[08:00:06.945]',0.135
'[08:00:06.953]',-0.315
'[08:00:06.961]',-0.415
'[08:00:06.969]',-0.445
'[08:00:06.977]',-0.395
'[08:00:06.984]',-0.405
'[08:00:06.992]',-0.395
'[08:00:07.000]',-0.395
'[08:00:07.008]',-0.395
'[08:00:07.016]',-0.395
'[08:00:07.023]',-0.395
'[08:00:07.031]',-0.395
'[08:00:07.039]',-0.425
'[08:00:07.047]',-0.395
'[08:00:07.055]',-0.385
'[08:00:07.063]',-0.365
'[08:00:07.070]',-0.375
'[08:00:07.078]',-0.365
'[08:00:07.086]',-0.335
'[08:00:07.094]',-0.365
'[08:00:07.102]',-0.375
'[08:00:07.109]',-0.415
'[08:00:07.117]',-0.425
'[08:00:07.125]',-0.405
'[08:00:07.133]',-0.375
'[08:00:07.141]',-0.315
'[08:00:07.148]',-0.275
'[08:00:07.156]',-0.225
'[08:00:07.164]',-0.155
'[08:00:07.172]',-0.095
'[08:00:07.180]',-0.105
'[08:00:07.188]',-0.075
'[08:00:07.195]',-0.075
'[08:00:07.203]',-0.095
'[08:00:07.211]',-0.125
'[08:00:07.219]',-0.095
'[08:00:07.227]',-0.085
'[08:00:07.234]',-0.105
'[08:00:07.242]',-0.105
'[08:00:07.250]',-0.085
'[08:00:07.258]',-0.015
'[08:00:07.266]',-0.005
'[08:00:07.273]',-0.025
'[08:00:07.281]',-0.025
'[08:00:07.289]',0.005
'[08:00:07.297]',-0.005
'[08:00:07.305]',-0.035
'[08:00:07.313]',-0.035
'[08:00:07.320]',-0.035
'[08:00:07.328]',-0.055
'[08:00:07.336]',-0.065
'[08:00:07.344]',-0.055
'[08:00:07.352]',-0.045
'[08:00:07.359]',-0.065
'[08:00:07.367]',-0.105
'[08:00:07.375]',-0.185
'[08:00:07.383]',-0.105
'[08:00:07.391]',0.045
'[08:00:07.398]',0.115
'[08:00:07.406]',0.085
'[08:00:07.414]',0.105
'[08:00:07.422]',0.205
'[08:00:07.430]',0.185
'[08:00:07.438]',0.145
'[08:00:07.445]',0.095
'[08:00:07.453]',0.055
'[08:00:07.461]',-0.035
'[08:00:07.469]',-0.165
'[08:00:07.477]',-0.225
'[08:00:07.484]',-0.205
'[08:00:07.492]',-0.185
'[08:00:07.500]',-0.205
'[08:00:07.508]',-0.175
'[08:00:07.516]',-0.175
'[08:00:07.523]',-0.675
'[08:00:07.531]',-0.785
'[08:00:07.539]',0.195
'[08:00:07.547]',2.335
'[08:00:07.555]',3.235
'[08:00:07.563]',2.655
'[08:00:07.570]',0.765
'[08:00:07.578]',-0.145
'[08:00:07.586]',-0.455
'[08:00:07.594]',-0.465
'[08:00:07.602]',-0.465
'[08:00:07.609]',-0.375
'[08:00:07.617]',-0.305
'[08:00:07.625]',-0.365
'[08:00:07.633]',-0.375
'[08:00:07.641]',-0.385
'[08:00:07.648]',-0.395
'[08:00:07.656]',-0.355
'[08:00:07.664]',-0.325
'[08:00:07.672]',-0.295
'[08:00:07.680]',-0.315
'[08:00:07.688]',-0.365
'[08:00:07.695]',-0.315
'[08:00:07.703]',-0.315
'[08:00:07.711]',-0.295
'[08:00:07.719]',-0.345
'[08:00:07.727]',-0.275
'[08:00:07.734]',-0.255
'[08:00:07.742]',-0.235
'[08:00:07.750]',-0.225
'[08:00:07.758]',-0.225
'[08:00:07.766]',-0.215
'[08:00:07.773]',-0.215
'[08:00:07.781]',-0.195
'[08:00:07.789]',-0.145
'[08:00:07.797]',-0.135
'[08:00:07.805]',-0.075
'[08:00:07.813]',-0.025
'[08:00:07.820]',-0.045
'[08:00:07.828]',-0.065
'[08:00:07.836]',-0.095
'[08:00:07.844]',-0.095
'[08:00:07.852]',-0.115
'[08:00:07.859]',-0.185
'[08:00:07.867]',-0.185
'[08:00:07.875]',-0.105
'[08:00:07.883]',-0.095
'[08:00:07.891]',-0.075
'[08:00:07.898]',-0.085
'[08:00:07.906]',-0.065
'[08:00:07.914]',-0.075
'[08:00:07.922]',-0.085
'[08:00:07.930]',-0.095
'[08:00:07.938]',-0.075
'[08:00:07.945]',-0.075
'[08:00:07.953]',-0.055
'[08:00:07.961]',-0.075
'[08:00:07.969]',-0.075
'[08:00:07.977]',-0.085
'[08:00:07.984]',-0.125
'[08:00:07.992]',-0.125
'[08:00:08.000]',-0.095
'[08:00:08.008]',-0.085
'[08:00:08.016]',-0.005
'[08:00:08.023]',0.035
'[08:00:08.031]',0.075
'[08:00:08.039]',0.185
'[08:00:08.047]',0.175
'[08:00:08.055]',0.145
'[08:00:08.063]',0.135
'[08:00:08.070]',0.025
'[08:00:08.078]',-0.085
'[08:00:08.086]',-0.225
'[08:00:08.094]',-0.265
'[08:00:08.102]',-0.255
'[08:00:08.109]',-0.275
'[08:00:08.117]',-0.215
'[08:00:08.125]',-0.185
'[08:00:08.133]',-0.165
'[08:00:08.141]',-0.535
'[08:00:08.148]',-0.945
'[08:00:08.156]',-0.135
'[08:00:08.164]',1.935
'[08:00:08.172]',3.105
'[08:00:08.180]',3.325
'[08:00:08.188]',1.555
'[08:00:08.195]',0.235
'[08:00:08.203]',-0.315
'[08:00:08.211]',-0.445
'[08:00:08.219]',-0.465
'[08:00:08.227]',-0.455
'[08:00:08.234]',-0.445
'[08:00:08.242]',-0.465
'[08:00:08.250]',-0.495
'[08:00:08.258]',-0.455
'[08:00:08.266]',-0.475
'[08:00:08.273]',-0.475
'[08:00:08.281]',-0.445
'[08:00:08.289]',-0.435
'[08:00:08.297]',-0.455
'[08:00:08.305]',-0.425
'[08:00:08.313]',-0.435
'[08:00:08.320]',-0.465
'[08:00:08.328]',-0.425
'[08:00:08.336]',-0.405
'[08:00:08.344]',-0.415
'[08:00:08.352]',-0.405
'[08:00:08.359]',-0.395
'[08:00:08.367]',-0.405
'[08:00:08.375]',-0.405
'[08:00:08.383]',-0.435
'[08:00:08.391]',-0.385
'[08:00:08.398]',-0.365
'[08:00:08.406]',-0.315
'[08:00:08.414]',-0.265
'[08:00:08.422]',-0.235
'[08:00:08.430]',-0.255
'[08:00:08.438]',-0.225
'[08:00:08.445]',-0.235
'[08:00:08.453]',-0.295
'[08:00:08.461]',-0.315
'[08:00:08.469]',-0.325
'[08:00:08.477]',-0.295
'[08:00:08.484]',-0.295
'[08:00:08.492]',-0.275
'[08:00:08.500]',-0.275
'[08:00:08.508]',-0.285
'[08:00:08.516]',-0.275
'[08:00:08.523]',-0.295
'[08:00:08.531]',-0.285
'[08:00:08.539]',-0.245
'[08:00:08.547]',-0.275
'[08:00:08.555]',-0.265
'[08:00:08.563]',-0.235
'[08:00:08.570]',-0.215
'[08:00:08.578]',-0.225
'[08:00:08.586]',-0.275
'[08:00:08.594]',-0.295
'[08:00:08.602]',-0.305
'[08:00:08.609]',-0.315
'[08:00:08.617]',-0.315
'[08:00:08.625]',-0.325
'[08:00:08.633]',-0.215
'[08:00:08.641]',-0.205
'[08:00:08.648]',-0.205
'[08:00:08.656]',-0.055
'[08:00:08.664]',-0.015
'[08:00:08.672]',-0.045
'[08:00:08.680]',-0.065
'[08:00:08.688]',-0.105
'[08:00:08.695]',-0.215
'[08:00:08.703]',-0.365
'[08:00:08.711]',-0.435
'[08:00:08.719]',-0.475
'[08:00:08.727]',-0.455
'[08:00:08.734]',-0.425
'[08:00:08.742]',-0.425
'[08:00:08.750]',-0.385
'[08:00:08.758]',-0.425
'[08:00:08.766]',-0.955
'[08:00:08.773]',-0.915
'[08:00:08.781]',0.395
'[08:00:08.789]',2.375
'[08:00:08.797]',3.215
'[08:00:08.805]',2.635
'[08:00:08.813]',0.845
'[08:00:08.820]',-0.145
'[08:00:08.828]',-0.535
'[08:00:08.836]',-0.615
'[08:00:08.844]',-0.615
'[08:00:08.852]',-0.615
'[08:00:08.859]',-0.655
'[08:00:08.867]',-0.595
'[08:00:08.875]',-0.565
'[08:00:08.883]',-0.555
'[08:00:08.891]',-0.555
'[08:00:08.898]',-0.545
'[08:00:08.906]',-0.555
'[08:00:08.914]',-0.505
'[08:00:08.922]',-0.555
'[08:00:08.930]',-0.535
'[08:00:08.938]',-0.495
'[08:00:08.945]',-0.495
'[08:00:08.953]',-0.495
'[08:00:08.961]',-0.465
'[08:00:08.969]',-0.455
'[08:00:08.977]',-0.455
'[08:00:08.984]',-0.435
'[08:00:08.992]',-0.415
'[08:00:09.000]',-0.385
'[08:00:09.008]',-0.375
'[08:00:09.016]',-0.375
'[08:00:09.023]',-0.345
'[08:00:09.031]',-0.305
'[08:00:09.039]',-0.275
'[08:00:09.047]',-0.205
'[08:00:09.055]',-0.235
'[08:00:09.063]',-0.175
'[08:00:09.070]',-0.195
'[08:00:09.078]',-0.245
'[08:00:09.086]',-0.275
'[08:00:09.094]',-0.295
'[08:00:09.102]',-0.295
'[08:00:09.109]',-0.285
'[08:00:09.117]',-0.285
'[08:00:09.125]',-0.295
'[08:00:09.133]',-0.245
'[08:00:09.141]',-0.235
'[08:00:09.148]',-0.235
'[08:00:09.156]',-0.265
'[08:00:09.164]',-0.255
'[08:00:09.172]',-0.225
'[08:00:09.180]',-0.205
'[08:00:09.188]',-0.205
'[08:00:09.195]',-0.215
'[08:00:09.203]',-0.235
'[08:00:09.211]',-0.245
'[08:00:09.219]',-0.175
'[08:00:09.227]',-0.215
'[08:00:09.234]',-0.305
'[08:00:09.242]',-0.245
'[08:00:09.250]',-0.125
'[08:00:09.258]',-0.085
'[08:00:09.266]',-0.075
'[08:00:09.273]',0.035
'[08:00:09.281]',0.095
'[08:00:09.289]',0.125
'[08:00:09.297]',0.055
'[08:00:09.305]',-0.025
'[08:00:09.313]',-0.145
'[08:00:09.320]',-0.305
'[08:00:09.328]',-0.395
'[08:00:09.336]',-0.365
'[08:00:09.344]',-0.365
'[08:00:09.352]',-0.315
'[08:00:09.359]',-0.285
'[08:00:09.367]',-0.265
'[08:00:09.375]',-0.295
'[08:00:09.383]',-0.835
'[08:00:09.391]',-0.925
'[08:00:09.398]',0.285
'[08:00:09.406]',2.345
'[08:00:09.414]',3.325
'[08:00:09.422]',2.595
'[08:00:09.430]',0.835
'[08:00:09.438]',-0.055
'[08:00:09.445]',-0.435
'[08:00:09.453]',-0.515
'[08:00:09.461]',-0.505
'[08:00:09.469]',-0.515
'[08:00:09.477]',-0.475
'[08:00:09.484]',-0.465
'[08:00:09.492]',-0.455
'[08:00:09.500]',-0.435
'[08:00:09.508]',-0.435
'[08:00:09.516]',-0.415
'[08:00:09.523]',-0.425
'[08:00:09.531]',-0.415
'[08:00:09.539]',-0.415
'[08:00:09.547]',-0.375
'[08:00:09.555]',-0.355
'[08:00:09.563]',-0.335
'[08:00:09.570]',-0.385
'[08:00:09.578]',-0.315
'[08:00:09.586]',-0.325
'[08:00:09.594]',-0.315
'[08:00:09.602]',-0.295
'[08:00:09.609]',-0.295
'[08:00:09.617]',-0.265
'[08:00:09.625]',-0.265
'[08:00:09.633]',-0.215
'[08:00:09.641]',-0.195
'[08:00:09.648]',-0.175
'[08:00:09.656]',-0.125
'[08:00:09.664]',-0.065
'[08:00:09.672]',-0.075
'[08:00:09.680]',-0.105
'[08:00:09.688]',-0.095
'[08:00:09.695]',-0.105
'[08:00:09.703]',-0.165
'[08:00:09.711]',-0.165
'[08:00:09.719]',-0.165
'[08:00:09.727]',-0.125
'[08:00:09.734]',-0.135
'[08:00:09.742]',-0.105
'[08:00:09.750]',-0.115
'[08:00:09.758]',-0.095
'[08:00:09.766]',-0.125
'[08:00:09.773]',-0.115
'[08:00:09.781]',-0.095
'[08:00:09.789]',-0.085
'[08:00:09.797]',-0.095
'[08:00:09.805]',-0.105
'[08:00:09.813]',-0.105
'[08:00:09.820]',-0.105
'[08:00:09.828]',-0.125
'[08:00:09.836]',-0.165
'[08:00:09.844]',-0.165
'[08:00:09.852]',-0.175
'[08:00:09.859]',-0.125
'[08:00:09.867]',-0.055
'[08:00:09.875]',-0.035
'[08:00:09.883]',0.045
'[08:00:09.891]',0.155
'[08:00:09.898]',0.145
'[08:00:09.906]',0.045
'[08:00:09.914]',0.025
'[08:00:09.922]',0.015
'[08:00:09.930]',-0.115
'[08:00:09.938]',-0.275
'[08:00:09.945]',-0.305
'[08:00:09.953]',-0.305
'[08:00:09.961]',-0.295
'[08:00:09.969]',-0.275
'[08:00:09.977]',-0.255
'[08:00:09.984]',-0.215
'[08:00:09.992]',-0.725
